Date,Time (UTC-7),Site,Flow (m3/s),Water Temp (°C),SpC (µS/cm),pH,DOC (mg/L),Sulphate (mg/L),Mg (mg/L),Ca (mg/L),Area (Km2)
2018-06-19,14:42,Buckbrush,,6.4,27.8,6.89,2.3,3.9,1.2,5.7,5.430836
2018-06-26,13:00,Buckbrush,0.14,3,33.4,7.9,1.8,9.9,2.2,9.4,5.430836
2018-07-10,14:10,Buckbrush,0.0898,4.5,52.9,7.45,1.4,11.1,2.4,10.2,5.430836
2018-07-25,11:44,Buckbrush,,6.4,,7.57,1.3,12,2.7,11.4,5.430836
2018-07-30,13:10,Buckbrush,,,,,1.5,12.3,2.7,11.8,5.430836
2018-08-15,11:38,Buckbrush,0.0578,5.4,72.7,7.42,1.3,9.9,2.6,11.1,5.430836
2018-09-06,10:50,Buckbrush,0.0676,4.1,60.6,7.58,1,9.9,2.5,10.9,5.430836
2018-09-18,14:22,Buckbrush,,3.7,56.8,7.8,1.2,9.3,2.4,10.4,5.430836
2018-09-26,13:10,Buckbrush,0.0626,3.2,64.2,7.84,1.1,11.7,2.7,11.4,5.430836
2018-10-24,13:06,Buckbrush,,1.3,71.8,7.55,1.4,15,2.9,11.9,5.430836
2019-01-15,,Buckbrush,0.015,0,84,7.29,0.8,19.2,3.4,14.4,5.430836
2019-03-06,15:05,Buckbrush,0.01,0.2,82.4,7.4,1.3,12.6,3.1,12.9,5.430836
2019-05-23,16:44,Buckbrush,0.086,3,40.1,6.93,2.6,3.6,1.5,6.8,5.430836
2019-06-14,16:30,Buckbrush,,6.3,45.2,7.07,4.2,4.2,1.7,7.6,5.430836
2019-06-19,15:43,Buckbrush,,,,,1.7,4.8,2,8.7,5.430836
2019-06-27,12:13,Buckbrush,0.159,5.77,42,7.92,,,,,5.430836
2019-07-11,15:29,Buckbrush,0.068,7.07,67,7.42,1.9,9.6,2.5,10.8,5.430836
2019-07-19,10:28,Buckbrush,,5.7,69.5,7.22,1.7,10.2,2.8,11.3,5.430836
2019-07-20,13:20,Buckbrush,,6.1,68.7,7.15,2.1,9.6,2.4,10.7,5.430836
2019-07-25,13:17,Buckbrush,,7.5,58.7,6.96,2.9,6.3,2,9.1,5.430836
2019-07-31,12:14,Buckbrush,0.138,5.8,58,7.27,1.6,6,2.1,9.4,5.430836
2019-08-01,14:17,Buckbrush,,7,56.5,7.58,1.5,6,2.2,9.5,5.430836
2019-08-14,12:00,Buckbrush,0.107,6.2,67.7,7.02,1.5,8.4,2.7,11,5.430836
2019-08-21,,Buckbrush,,,,,1.6,7.2,2.3,9.9,5.430836
2019-08-28,11:58,Buckbrush,0.119,5.2,61.8,7.09,1.6,7.5,2.4,10,5.430836
2019-09-06,,Buckbrush,0.043,,,,1.2,9,2.5,10.9,5.430836
2019-10-10,14:07,Buckbrush,,3.2,79.6,7.28,1.4,10,2.2,9.6,5.430836
2019-11-19,15:25,Buckbrush,,0.5,74.5,7.67,2.1,10.2,2.4,8.9,5.430836
2019-12-03,13:49,Buckbrush,,0.2,75.3,7.21,1.5,10.8,2.7,11.2,5.430836
2019-12-11,12:33,Buckbrush,,0.1,77.2,7.21,1.5,11.2,2.7,11.6,5.430836
2020-01-23,13:41,Buckbrush,,-0.1,84.3,7.6,2.2,11.1,2.7,10.7,5.430836
2020-02-25,13:49,Buckbrush,,-0.1,86.3,7.31,0.9,12.4,3,13.1,5.430836
2020-04-21,11:10,Buckbrush,,,,,4.4,12.7,3,12.6,5.430836
2020-07-09,14:21,Buckbrush,0.178878586,5.9,47.8,6.99,2.3,5.2,1.7,7.8,5.430836
2020-07-21,13:52,Buckbrush,0.134189025,5.6,60.8,6.92,1.9,6.6,1.7,8.2,5.430836
2020-07-24,13:28,Buckbrush,0.178598221,6.9,53.1,6.32,1.9,5.4,1.5,7.6,5.430836
2020-07-31,15:55,Buckbrush,0.127978929,7.8,59.1,6.99,1.7,6.3,1.8,8.3,5.430836
2020-08-05,11:45,Buckbrush,0.134414943,5.1,64,6.79,1.8,7.4,1.9,8.9,5.430836
2020-08-16,15:28,Buckbrush,0.151451274,5.1,56.6,7.13,1.6,5.8,1.8,8.2,5.430836
2020-08-25,13:29,Buckbrush,0.158242815,5,56.8,7.39,1.6,5.5,1.8,8.5,5.430836
2020-08-26,15:45,Buckbrush,0.130392124,5,59.1,7.16,1.7,6.1,1.9,9.2,5.430836
2020-09-02,14:12,Buckbrush,0.156460397,4.6,58.3,7.34,,5.8,1.7,8.2,5.430836
2020-09-11,13:10,Buckbrush,0.137378102,2.7,63.6,7.21,2.1,7.2,2,9.1,5.430836
2020-10-13,14:30,Buckbrush,0.063292461,1.3,76.1,7.08,1.4,11.3,2.5,10.7,5.430836
2020-11-26,14:20,Buckbrush,,0.3,78.6,7.69,1.4,11.6,2.9,12.1,5.430836
2021-01-12,14:12,Buckbrush,,0.1,85.2,7.6,1,12.7,2.8,12.3,5.430836
2021-02-18,13:52,Buckbrush,,-0.1,85.6,7.37,1.2,12.6,3.1,13.1,5.430836
2021-03-16,15:52,Buckbrush,,-0.1,93.2,,1.2,12.4,3,12.9,5.430836
2021-04-14,13:00,Buckbrush,,-0.1,91.8,,1,13.1,3.3,13.8,5.430836
2021-04-22,10:36,Buckbrush,,0,90.7,,1.2,12.9,3.1,13.3,5.430836
2021-05-28,10:18,Buckbrush,,0.5,71.3,,4.8,6.1,1.7,8.7,5.430836
2021-06-27,16:27,Buckbrush,0.408761973,7.1,33.3,7.39,1.6,2.2,0.8,4.9,5.430836
2021-06-29,16:17,Buckbrush,0.283971886,6.3,41,7.57,1.6,3.4,1.1,5.9,5.430836
2021-07-12,17:43,Buckbrush,0.113204146,4.7,62,7.46,1.7,7.1,1.7,8.1,5.430836
2021-07-26,15:05,Buckbrush,0.1146005,4.9,63.1,7.48,1.3,6.3,1.8,8.8,5.430836
2021-08-18,16:48,Buckbrush,0.101939193,5.6,57.8,7.41,1.4,5.3,1.5,7.4,5.430836
2021-09-01,15:25,Buckbrush,0.145841608,5.8,53.3,7.38,1.4,3.9,1.5,7.4,5.430836
2021-09-05,12:43,Buckbrush,0.149481928,4.8,55.1,7.38,1.3,4.2,1.6,7.9,5.430836
2021-09-16,,Buckbrush,0.116821011,,,,1,6.4,1.9,9,5.430836
2021-09-16,17:04,Buckbrush,0.116821011,3.6,63.2,7.58,1.3,6.2,1.8,8.6,5.430836
2021-10-06,15:00,Buckbrush,0.11260966,0.9,73,7.86,1.1,8.3,0.9,7.6,5.430836
2021-11-30,13:46,Buckbrush,,-0.1,77.9,7.64,0.8,9.6,1.1,8.3,5.430836
2022-01-19,15:06,Buckbrush,,-0.1,83.3,7.78,0.9,10.6,1.3,9,5.430836
2022-02-24,15:01,Buckbrush,0.00867,-0.1,89.1,8.36,1,11,1.5,9.8,5.430836
2022-03-18,13:01,Buckbrush,,0,85.9,7.2,0.9,11.4,1.5,9.9,5.430836
2022-06-30,12:28,Buckbrush,,,,,2.2,3.2,0.05,3.4,5.430836
2022-07-03,19:30,Buckbrush,,6.9,39.2,7.4,1.5,3.1,0.7,5.1,5.430836
2022-07-13,16:15,Buckbrush,0.403031535,5.001,38.6,6.87,1.9,3.1,0.05,3.5,5.430836
2022-07-19,14:18,Buckbrush,0.153190473,,54.8,,1.7,5.7,1.3,6.6,5.430836
2022-07-25,12:55,Buckbrush,0.138762234,,57.7,,1.5,5,0.4,5.6,5.430836
2022-08-02,11:25,Buckbrush,0.121150263,,66.6,,1.3,6.7,0.7,7,5.430836
2022-08-12,13:25,Buckbrush,0.13628061,,65,,1.3,5.9,0.7,6.9,5.430836
2022-08-21,16:40,Buckbrush,0.075613815,7.2,67.2,7.39,1.3,7.3,0.6,7.2,5.430836
2022-08-30,13:12,Buckbrush,0.075613815,5.16,69,7.32,1.1,7.2,0.9,7.6,5.430836
2022-09-13,15:20,Buckbrush,0.055629175,4.9,72.2,7.51,1,8.4,1.8,14,5.430836
2018-01-23,16:19,Coal Lake,,0.2,230.4,7.38,3,28.8,10.5,46.5,67.77758
2018-04-10,13:29,Coal Lake,,0.8,255.3,7.16,2.8,30.3,11.6,52.4,67.77758
2018-04-20,16:30,Coal Lake,,0.9,254.4,7.22,2.7,30.6,11.7,51.9,67.77758
2018-06-19,16:16,Coal Lake,1.291180807,10.9,182.9,7.69,3.3,22.8,9.3,43,67.77758
2018-07-25,15:38,Coal Lake,0.3748,17.2,311.5,6.13,3.4,23.4,8.8,39.5,67.77758
2018-09-26,16:35,Coal Lake,0.3305,5.9,194.5,7.79,3.3,30.6,9.1,38,67.77758
2018-10-24,11:50,Coal Lake,0.3422,1.4,193.3,7.96,3.2,24.3,9.2,38.1,67.77758
2019-03-06,16:13,Coal Lake,,0.2,235,7.68,3.3,19.8,9.6,41.1,67.77758
2019-05-23,14:12,Coal Lake,0.514132288,4.8,168.2,7.92,3.6,0.9,6.3,27.9,67.77758
2019-06-19,12:58,Coal Lake,0.3623,10.9,182.9,7.69,6.5,16.5,9.1,40.9,67.77758
2019-07-11,13:29,Coal Lake,0.449,16.67,206,8.24,3.7,16.2,8.7,38.3,67.77758
2019-08-15,12:35,Coal Lake,0.542,14.2,187,8.06,3.7,16.2,8.3,34.7,67.77758
2019-10-10,12:20,Coal Lake,0.429,2.1,218.9,7.81,3.7,15.7,7.3,31.9,67.77758
2020-05-15,,Coal Lake,0.614898196,5.2,114.1,7.09,6.5,7.3,4.2,19.1,67.77758
2020-06-26,13:17,Coal Lake,1.16827248,11,192.8,7.72,6.8,15.3,7.4,34,67.77758
2020-09-11,12:10,Coal Lake,1.117432148,8.1,189.7,7.54,2.8,16.5,6.9,31.1,67.77758
2020-10-22,13:51,Coal Lake,0.471,1.2,208.9,7.81,3.3,20.4,7.7,35.1,67.77758
2021-01-12,15:57,Coal Lake,,0.3,220.9,6.91,3.3,22.2,8.3,37.6,67.77758
2021-02-24,15:39,Coal Lake,,0.2,245.5,,2.7,22.9,9,40.6,67.77758
2021-04-22,12:01,Coal Lake,0.132244891,1,250.1,,2.3,22,9.3,42.1,67.77758
2021-05-28,12:01,Coal Lake,0.928,,,,3.2,12.1,5.9,28.7,67.77758
2021-05-28,12:01,Coal Lake,0.928,2,199.6,,3.4,11.3,5.5,27.6,67.77758
2021-06-29,17:49,Coal Lake,1.811715609,14.1,165.3,7.79,3,11.9,4.8,24.5,67.77758
2021-07-16,13:40,Coal Lake,0.884017854,12.7,176.7,8.14,3.2,13,5.2,25.9,67.77758
2021-09-01,13:32,Coal Lake,0.945213337,10.5,180.8,8.24,2.9,14.1,5.2,25.5,67.77758
2021-09-16,12:18,Coal Lake,0.789954629,7.6,197.4,8.4,2.8,16.1,6.4,29.3,67.77758
2021-10-05,13:00,Coal Lake,0.696501305,2.2,196.8,7.93,2.9,15.5,5.2,27.4,67.77758
2022-03-17,13:54,Coal Lake,,0.3,180,7.85,2.3,18,6.6,34.2,67.77758
2022-06-06,11:23,Coal Lake,4.425,,,,4.7,6.1,1.4,11.6,67.77758
2022-06-30,13:05,Coal Lake,2.278092236,,,,3.3,12,3.8,22.5,67.77758
2022-07-03,12:30,Coal Lake,2.135324889,16.66,154,,2.9,11.2,4.6,23.5,67.77758
2022-07-07,11:15,Coal Lake,1.695343329,,,,3.3,11.6,3.7,22.3,67.77758
2022-07-14,16:30,Coal Lake,1.51924631,,,,3,12,3.8,22.5,67.77758
2022-07-18,11:05,Coal Lake,1.605056321,,,,3.2,12.2,3.8,22.6,67.77758
2022-07-27,16:40,Coal Lake,1.116699022,,,,3,12.4,3.9,21,67.77758
2022-08-04,10:40,Coal Lake,0.982884475,,,,2.9,13.3,4.3,24.8,67.77758
2022-08-14,12:03,Coal Lake,1.038863638,,,,3,14.7,4.5,25.2,67.77758
2022-08-22,12:05,Coal Lake,0.79611915,14,160.2,8.27,2.7,13.9,4.4,24.4,67.77758
2022-08-25,15:45,Coal Lake,0.799547574,,,,2.7,14.1,4.6,25.4,67.77758
2022-09-01,11:40,Coal Lake,0.695161668,10.91,179,8.35,3,14.7,5.5,26.7,67.77758
2022-09-16,09:25,Coal Lake,0.638616936,6.7,182.9,8.21,2.6,13.9,5.8,27.8,67.77758
2017-04-28,14:45,Granger,,0.05,98,7.52,,,,,7.253978
2017-06-08,17:00,Granger,0.882,5.94,16,7.27,,,,,7.253978
2017-07-12,16:45,Granger,0.2239,5.57,39,7.51,,,,,7.253978
2017-07-26,16:40,Granger,0.1662,7.61,56,7.43,,,,,7.253978
2017-08-10,15:46,Granger,0.0698,8.57,66,7.72,,,,,7.253978
2017-08-17,12:55,Granger,0.0755,5.15,68,7.52,,,,,7.253978
2017-08-24,17:05,Granger,0.0782,6.14,67,,,,,,7.253978
2017-08-29,15:59,Granger,0.0781,6.56,67,,,,,,7.253978
2017-11-01,17:15,Granger,,,,,0.9,9.6,3.5,12.8,7.253978
2017-12-05,15:23,Granger,0.0263,0,89.1,7.25,1,9.3,4,14.4,7.253978
2017-12-21,15:40,Granger,,,,,1.1,9.3,4.4,15.6,7.253978
2018-01-05,15:00,Granger,0.021028998,-0.1,87.5,7.17,1.1,9.9,4.4,16.6,7.253978
2018-01-23,14:55,Granger,0.063660865,-0.1,78.8,8.61,0.9,9.6,4.6,16.3,7.253978
2018-02-08,14:52,Granger,,-0.1,92.1,6.2,1,9.9,4.8,16.6,7.253978
2018-02-22,14:20,Granger,,-0.1,97.9,7.46,0.9,28.8,0.7,10.3,7.253978
2018-03-02,16:30,Granger,0.014005062,-0.1,82.3,7.68,0.8,2.7,1.7,8.8,7.253978
2018-03-02,16:30,Granger,,-0.1,82.3,7.68,0.8,9.3,4.7,16.4,7.253978
2018-03-26,17:46,Granger,0.012354445,0,88.3,7.92,0.8,9.3,4.9,18.7,7.253978
2018-04-10,14:05,Granger,0.011585119,0.2,97.7,7.44,0.8,7.5,3.9,8,7.253978
2018-04-20,13:58,Granger,,0.1,97.5,7.76,0.7,9.3,4.8,16.6,7.253978
2018-06-19,12:43,Granger,0.403885692,6.7,29.2,7.41,2.3,4.8,1.4,5.5,7.253978
2018-06-26,15:10,Granger,0.169216587,5.4,48.2,7.28,1.7,6.9,2.2,8.9,7.253978
2018-07-08,11:18,Granger,0.139297733,6.8,49.4,7.3,1.6,7.8,2.2,8.6,7.253978
2018-07-10,14:50,Granger,0.12861797,5.4,49.1,7.11,1.3,7.2,2.2,8.8,7.253978
2018-07-20,14:29,Granger,0.094798166,,,,1.6,7.5,2.6,9.7,7.253978
2018-07-25,13:15,Granger,0.096941849,,,,1.3,9.3,2.6,9.9,7.253978
2018-07-30,13:30,Granger,0.0924245,,,,1.4,8.1,2.7,10.4,7.253978
2018-08-15,12:24,Granger,0.103430326,5.3,64,7.25,1,8.4,2.4,9.3,7.253978
2018-09-06,12:42,Granger,0.077054681,,,,1.3,8.1,2.7,10.4,7.253978
2018-09-06,12:42,Granger,0.077054681,4,61,7.19,1.3,8.4,2.7,10.4,7.253978
2018-09-18,14:46,Granger,0.089705505,2.5,57.8,7.43,1.3,8.4,2.6,10,7.253978
2018-09-26,14:10,Granger,0.074752576,2.3,65,7.16,1.2,8.7,2.8,10.5,7.253978
2018-10-24,13:50,Granger,0.048800219,0.7,77.1,7.39,1.3,9.6,3.5,12.6,7.253978
2019-01-04,,Granger,0.028,,,,1,9.3,4.3,15.3,7.253978
2019-01-22,12:28,Granger,0.018,,,,1.2,9.9,4.5,15.8,7.253978
2019-01-29,12:45,Granger,0.02,,,,1.1,9.6,4.6,16.2,7.253978
2019-02-19,13:20,Granger,0.019,0.2,97.1,6.87,1.1,9.6,4.6,16.1,7.253978
2019-02-19,13:20,Granger,0.019,0.2,97.1,6.87,1.1,9.6,4.7,16.1,7.253978
2019-03-06,13:19,Granger,0.017,-0.2,96.5,7.88,1.1,6.9,4.1,14.4,7.253978
2019-03-20,13:50,Granger,0.015,-0.1,99.6,7.24,1,7.5,4.2,14.7,7.253978
2019-03-26,12:00,Granger,,,,,1.6,7.2,4.2,14.5,7.253978
2019-04-13,13:28,Granger,,-0.1,99.9,8.27,1,7.2,4.6,15.3,7.253978
2019-05-23,15:07,Granger,0.139,2.3,33.1,7.47,3.4,2.4,1.4,5.4,7.253978
2019-06-05,16:52,Granger,0.107291732,4.4,45.2,7.7,3.4,4.5,1.8,8.3,7.253978
2019-06-14,,Granger,0.135330731,7.4,46.1,6.98,3.4,4.8,1.8,7.2,7.253978
2019-06-16,12:43,Granger,0.132863819,5.3,48.1,7.05,2.4,5.4,1.9,7.6,7.253978
2019-06-19,12:01,Granger,0.123680528,,,,2,5.4,2,7.6,7.253978
2019-06-27,14:22,Granger,0.248687584,7.08,41,7.2,3.1,,,,7.253978
2019-07-11,16:40,Granger,0.129821857,8.09,60,6.88,1.8,6.3,2.4,9.4,7.253978
2019-07-19,12:10,Granger,0.095930725,7.2,67.8,7.08,2.5,6,3,10.4,7.253978
2019-07-20,11:15,Granger,0.11529539,6.8,64.9,7.14,2.9,5.7,2.5,9.7,7.253978
2019-07-25,15:37,Granger,0.147677603,8,56.4,6.93,2.9,5.4,2.1,8.4,7.253978
2019-07-31,14:14,Granger,0.196918134,6.7,52.8,7.44,5,5.1,2,8,7.253978
2019-08-01,,Granger,0.179469515,,,,1.7,5.1,2.1,8.2,7.253978
2019-08-14,,Granger,0.100850481,,,,1.4,6,2.7,10,7.253978
2019-08-21,11:35,Granger,0.120970638,3.8,59,6.8,1.6,6.3,2.7,9.3,7.253978
2019-08-28,14:45,Granger,0.141203127,5.6,57.1,7.08,1.8,6.6,2.5,9,7.253978
2019-09-06,17:00,Granger,0.116603654,5.9,63.6,7.08,1.5,6.9,2.5,9.7,7.253978
2019-10-10,,Granger,0.058892635,,,,1.7,6.6,2.5,9.4,7.253978
2019-11-19,15:48,Granger,0.031,0.3,83.7,7.28,1.2,7.2,3.3,12,7.253978
2019-12-03,14:13,Granger,,0.1,86.4,7.17,1.4,7,3.3,12.3,7.253978
2019-12-11,13:56,Granger,,0.1,88.8,7.2,1.8,6.9,3.4,12.6,7.253978
2020-01-23,15:02,Granger,,-0.1,94.8,7.38,1.8,2.1,1.1,11.4,7.253978
2020-02-25,15:45,Granger,0.017,-0.1,96.6,7.04,1.2,7,3.9,13.9,7.253978
2020-03-25,12:40,Granger,,0,100.9,7.23,0.9,6.8,4,14.1,7.253978
2020-04-21,,Granger,,,,,3.9,6.3,3.7,13.3,7.253978
2020-05-15,11:10,Granger,0.19632434,0.5,39.6,6.45,17.6,2.8,1.6,6.5,7.253978
2020-06-26,12:04,Granger,0.250048559,3.6,52.5,7.17,2,5.5,2,8.1,7.253978
2020-07-09,11:21,Granger,0.349175804,5.1,41.9,6.92,2.8,4.1,1.7,7,7.253978
2020-07-21,11:12,Granger,0.219759559,5.8,55.7,7.1,2.1,5.4,2.2,8.5,7.253978
2020-07-24,11:45,Granger,0.303444151,5.7,47.5,6.8,3,3.7,1.5,6.5,7.253978
2020-07-24,11:45,Granger,0.303444151,5.7,47.5,6.8,3.1,3.9,1.7,7.2,7.253978
2020-07-31,15:15,Granger,0.224838518,8.4,54.9,7.02,2.2,4.5,1.9,7.8,7.253978
2020-08-04,10:37,Granger,0.221088056,5,57.8,6.9,2.3,4.8,2.1,8.5,7.253978
2020-08-07,14:55,Granger,0.204261104,5.4,58.8,6.96,2,4.8,2,8,7.253978
2020-08-16,16:31,Granger,0.175189932,5.2,59.1,6.96,1.8,5.1,2.2,8.9,7.253978
2020-08-26,10:06,Granger,0.21165044,3.7,53.9,6.67,2.3,4.7,1.9,8.2,7.253978
2020-09-02,16:00,Granger,0.230824079,4.3,53.4,7,1.9,4.6,1.7,7.4,7.253978
2020-09-11,13:38,Granger,0.217119775,2.7,62,7.07,2,5.4,2.2,8.7,7.253978
2020-10-13,15:15,Granger,0.124006434,0.7,71.2,6.82,1.6,6.6,2.6,10,7.253978
2020-10-22,16:00,Granger,,0,78.6,7.58,1.4,7.1,3,11.1,7.253978
2020-11-26,13:10,Granger,,0.3,85.1,7.6,1.4,7.3,3.2,11.8,7.253978
2021-01-12,12:42,Granger,,0.2,91.7,8.25,1.2,6.9,3.4,13.6,7.253978
2021-02-18,11:54,Granger,,0,96.2,7.32,1.3,6.7,3.9,14.3,7.253978
2021-03-16,14:35,Granger,,0,92.6,7.94,0.9,6.8,3.9,14,7.253978
2021-05-28,09:08,Granger,0.226160143,0,48.2,6.51,10.4,1.3,1.3,5.9,7.253978
2021-06-27,18:26,Granger,0.715796913,8.1,28.6,7.33,1.5,1.7,0.8,4.2,7.253978
2021-06-29,15:57,Granger,0.356777433,7.6,36.2,7.4,1.6,2.6,1.2,5.6,7.253978
2021-07-12,18:36,Granger,0.163818249,5.8,53.3,7.46,1.4,4.4,1.6,7.2,7.253978
2021-07-26,15:57,Granger,0.121360777,5.9,63.1,7.51,2,4.5,2,8.5,7.253978
2021-08-18,17:25,Granger,0.124777712,5.8,54.6,7.33,1.2,4.6,1.6,7.1,7.253978
2021-09-01,15:59,Granger,0.18832602,5.7,50.1,7.25,1.7,4,1.4,6.3,7.253978
2021-09-05,11:32,Granger,0.197822011,4.4,56.1,7.3,1.7,4.2,1.6,7.3,7.253978
2021-09-16,14:56,Granger,0.16161269,3,63.9,7.67,1.6,5.1,2,8.5,7.253978
2021-10-05,15:00,Granger,0.087146494,0.9,71.5,7.35,1.4,5.3,1.1,7.3,7.253978
2021-11-30,12:43,Granger,,,,,1.1,6.1,1.8,9.4,7.253978
2022-01-19,13:20,Granger,,0,95.9,7.92,1,5.8,2.3,10.8,7.253978
2022-02-24,12:51,Granger,0.01893,0.1,98.9,,1.8,5.9,2.4,11.2,7.253978
2022-03-23,14:22,Granger,0.01577,0.1,102.1,8.02,0.7,5.8,2.3,10.8,7.253978
2022-06-06,09:45,Granger,0.977418579,0.02,27,6.44,5.3,0.8,0.05,0.9,7.253978
2022-06-30,11:59,Granger,0.36676205,6.5,,,3,3,0.05,3.1,7.253978
2022-07-03,15:33,Granger,0.351037584,8.92,38,,1.3,3.2,0.8,5.5,7.253978
2022-07-13,16:45,Granger,0.425870432,5.441,34.9,6.74,1.8,2.4,0.05,2.6,7.253978
2022-07-19,16:22,Granger,0.190853879,7.1,48.29878,,1.6,3.7,0.3,4.5,7.253978
2022-07-25,12:26,Granger,0.162767885,5.784224,55.02104,,2,4.1,0.6,5.5,7.253978
2022-08-02,10:30,Granger,0.132058326,5.055971,50.26551,,1.4,4.2,0.7,6.1,7.253978
2022-08-21,17:05,Granger,0.097983001,7.7,58.1,7.46,1.3,4.4,0.8,6.3,7.253978
2022-08-30,12:18,Granger,0.077021242,4.86,63,6.91,1.4,4.6,0.9,6.5,7.253978
2021-07-10,15:58,Km 104,0.002,12.8,196.1,7.85,10.7,8.0691,7.5572,39.837,17.77
2021-08-12,10:44,Km 104,0.154,5.6,110.6,7.51,15.3,6.2931,4.351,21.4239,17.77
2021-08-13,11:12,Km 104,0.332,4.7,110.2,7.6,15.1,6.6831,4.3529,21.509,17.77
2021-08-26,16:25,Km 104,0.203,5.9,125.2,7.37,15,7.7,4.6,22.9,17.77
2021-08-27,18:13,Km 104,0.2067,5.5,120.3,7.35,15.7,8.9775,4.58,22.8571,17.77
2021-09-09,16:07,Km 104,0.061,3.7,166.4,7.77,13.4,12.456,6.1264,31.2862,17.77
2021-09-21,16:48,Km 104,0.011,0.2,206.5,7.86,11.7,14.4033,7.5033,37.2383,17.77
2022-05-10,17:10,Km 104,0.00106,,,,20.8,8.9,0.9,5.6,17.77
2022-05-20,13:45,Km 104,0.00214,0.9,34.3,,30.4,0.05,0.9,5.5,17.77
2022-05-21,15:50,Km 104,0.013,0.5,25,,27.1,0.05,0.6,3.9,17.77
2022-05-24,16:00,Km 104,0.547,-0.2,35.9,,24.1,4.4,1,4.7,17.77
2022-05-27,13:20,Km 104,1.43083,-0.1,50.3,,19.9,2.9,1.5,7.6,17.77
2022-05-31,14:30,Km 104,2.6928,3.2,27.2,,16.8,0.05,0.9,5.5,17.77
2022-06-04,15:00,Km 104,1.4749,4.5,33.6,,3.9,0.2,0.8,5.7,17.77
2022-06-07,16:25,Km 104,1.0938,2.2,43.1,,10.3,0.05,0.7,5.5,17.77
2022-06-20,18:08,Km 104,0.2286,7.6,90.9,,12,2.4,2.6,16.1,17.77
2022-06-26,13:03,Km 104,0.0801,8.7,111.5,,13.2,4,3.2,19.3,17.77
2022-06-30,19:45,Km 104,0.116,11.7,158.9,,11.7,6.6,4.7,25.9,17.77
2022-07-10,17:25,Km 104,0.1228733,,,,10.1,5.7,6.7,35.6,17.77
2022-07-15,19:22,Km 104,0.1330843,8.7,131.5,7.89,12.4,3.7,4,21.7,17.77
2022-07-15,10:20,Km 104,0.1330843,6.4,131.7,7.72,12.5,7.5,4.1,21.8,17.77
2022-07-18,14:30,Km 104,0.3582,6.2,120.2,7.45,18.1,1.4,3.6,20,17.77
2022-07-28,17:08,Km 104,0.0364,8.2,150,7.9,14.8,11.4,5,26.1,17.77
2022-08-19,12:27,Km 104,0.1503,6.3,128.3,7.45,16,13.5,4,21.3,17.77
2022-09-02,15:26,Km 104,0.050203,5.3,150.1,7.75,15.6,11.1,4.4,26.7,17.77
2022-09-06,16:50,Km 104,0.4946,4.5,94.9,7.18,20.4,8.5,2.8,16,17.77
2022-09-09,15:10,Km 104,0.12821,4.2,118.2,7.48,18.2,12.8,3.5,19.9,17.77
2022-09-20,11:05,Km 104,0.0554,1.8,153.1,7.63,16,17,4.7,26.4,17.77
2019-06-11,12:52,Km 175,0.062,5,815,7.18,5.9,411.5745,34.1,132.3,35.8613
2019-07-16,18:50,Km 175,0.0224,9.8,1078,7.65,14.6,623.7237,51.7,210.9,35.8613
2019-08-04,16:20,Km 175,0.2802,6.8,647.8,7.6,6.3,297.0237,23.1,133.9,35.8613
2019-08-06,10:43,Km 175,0.3083,4,729,8.02,4.9,321.5982,23.9,134.2,35.8613
2019-08-23,16:10,Km 175,0.535,3.3,614.9,7.65,6.2,252.2091,20.6,130.9,35.8613
2019-09-26,13:18,Km 175,0.33308452,0.5,739.2,7.56,7.1,357.0537,26.1,155.2,35.8613
2019-11-05,13:21,Km 175,,-0.2,1682,7.78,,,,,35.8613
2020-05-28,13:20,Km 175,1.084,3,304.6,7.1,5.7,91.7,10.6,49.7,35.8613
2020-06-17,,Km 175,0.314,,,,8.6,254.4,24,108.8,35.8613
2020-07-01,14:40,Km 175,2.3238,4.3,383.2,6.36,12.4,123.5,11.6,73.1,35.8613
2020-07-02,19:00,Km 175,1.103,4.9,438.8,7.53,10.4,141.4,14.2,84.8,35.8613
2020-07-16,13:15,Km 175,0.117,6,786,7.46,3.7,350.1,30.4,142.4,35.8613
2020-07-26,12:23,Km 175,0.100598427,5.2,820,7.27,3.5,414.6,35.5,164.6,35.8613
2020-07-27,13:20,Km 175,0.106,5.9,829,7.94,3.4,441.4,35,162.1,35.8613
2020-08-11,13:45,Km 175,0.288,5.9,746.1,7.34,4.6,307.2,22.5,135.8,35.8613
2020-08-12,16:20,Km 175,0.276853099,6,758.3,7.62,4.6,317.9,24.3,141.7,35.8613
2020-08-19,13:20,Km 175,0.257,4.17,746,7.85,4.9,318,25.6,147.4,35.8613
2020-08-31,12:30,Km 175,0.593,3.6,672.8,7.53,5.8,250.8,18.6,120.6,35.8613
2020-08-31,12:30,Km 175,0.593,3.6,672.8,7.53,6,135.7,5.7,77.7,35.8613
2020-09-17,12:31,Km 175,0.273,1.2,741.4,7.52,4.7,310.1,24.7,145.3,35.8613
2020-10-28,13:58,Km 175,,-0.2,1097,7.3,5.5,468.6,38.5,207.5,35.8613
2021-05-12,12:37,Km 175,0.45,-0.1,188.1,,13.4,60.5,6,28.4,35.8613
2021-05-27,15:02,Km 175,0.367,0.6,502,7.41,4.6,177.1,15.5,63.2,35.8613
2021-06-07,16:20,Km 175,0.46,5.1,399.8,7.27,6.4,154.3,14.6,67.7,35.8613
2021-06-23,13:08,Km 175,0.494,5.5,520,7.56,5.4,208.6,17,83.9,35.8613
2021-07-09,15:35,Km 175,0.217,6.8,889,7.26,2.7,516.0693,40.5804,153.6942,35.8613
2021-07-23,13:31,Km 175,0.119,7,966,7.3,2.5,473.3475,42.041,149.8812,35.8613
2021-07-31,11:45,Km 175,0.054,6.5,1102,7.14,,630.1215,51.4657,185.5932,35.8613
2021-08-12,14:53,Km 175,0.499,4.3,630,7.53,5.1,269.9745,22.1591,113.9249,35.8613
2021-08-26,14:08,Km 175,0.45,3.8,660,7.51,5.4,268.7,21.7,120.3,35.8613
2021-09-09,14:14,Km 175,0.283,2.2,736,7.48,4.4,329.1384,25.1037,135.6748,35.8613
2021-09-21,14:33,Km 175,0.143,0.3,837,7.46,3.6,392.5275,30.288,153.6549,35.8613
2021-11-04,14:00,Km 175,,-0.2,1264,7.4,2.2,668.4,55.5,207.2,35.8613
2022-05-10,14:15,Km 175,0.36,-0.2,480.9,,7.3,231.8,20.9,45.7,35.8613
2022-05-20,18:20,Km 175,2.42,0,157.6,,12.2,52.2,3.9,20,35.8613
2022-06-04,12:45,Km 175,1.0104,2.3,342.7,,3.2,109.9,11.3,48.8,35.8613
2022-07-15,14:40,Km 175,0.1694,,,,2.6,327.6,27.4,123.2,35.8613
2022-08-26,15:15,Km 175,0.342869081,4.4,726,7.55,4.7,303.2,21.3,120,35.8613
2022-09-02,13:45,Km 175,0.33219137,3.7,773,7.48,4.1,336.4,23.3,127.6,35.8613
2022-09-06,13:45,Km 175,0.802969116,,,,6.5,239.3,16.8,105.9,35.8613
2022-09-06,13:45,Km 175,0.802969116,4.2,616,7.61,6.5,239.7,17.1,108,35.8613
2022-09-09,13:37,Km 175,0.505195231,3.3,693,7.63,5.2,271,20.2,122.5,35.8613
2022-09-17,16:25,Km 175,0.4458,2.2,734,7.67,4.3,292.5,22,129.2,35.8613
2019-04-27,17:36,Km 185,,-0.02,636,7.95,23.2,299.3952,32.8,167.2,14.6792
2019-05-31,09:45,Km 185,0.1685,1.3,418.2,7.97,10.9,91.1997,9.8,85.5,14.6792
2019-06-11,15:10,Km 185,0.041,6.5,654,8,7.7,167.475,16.7,132.3,14.6792
2019-06-11,15:10,Km 185,0.041,6.5,654,8,7.9,164.4258,17.6,139.5,14.6792
2019-07-16,16:38,Km 185,0.017,8.6,750,8.13,7,191.6451,22.5,163.1,14.6792
2019-08-04,17:15,Km 185,0.0776,5.6,649.9,8.18,7.7,169.9845,17.8,150.6,14.6792
2019-08-06,09:30,Km 185,0.0806,3.6,677.2,8.09,7.3,178.2708,17.1,146.5,14.6792
2019-08-23,18:25,Km 185,0.255,2.8,630,7.99,8.4,183.5916,16.6,147.6,14.6792
2019-09-26,12:18,Km 185,,0.5,782.1,8.05,7.2,240.1692,22.2,175.3,14.6792
2019-11-05,12:48,Km 185,,-0.1,1562,7.81,5.6,248.2,24.5,182.7,14.6792
2020-05-28,12:00,Km 185,0.388,2.1,287.7,7.36,9.6,54,5.8,56.8,14.6792
2020-06-17,,Km 185,0.166,,,,9.7,118.8,12.6,105.2,14.6792
2020-07-01,16:40,Km 185,1.2002,3.1,387.9,7.14,12.3,85.9,8.8,82.2,14.6792
2020-07-02,17:27,Km 185,0.4441,3.6,496.9,7.63,10.7,122.3,11.6,106.5,14.6792
2020-07-16,12:00,Km 185,0.08,4.6,738.3,7.78,6.5,194.5,18.4,153,14.6792
2020-07-26,12:40,Km 185,,4.1,713.7,7.63,6.5,202.2,20.8,162.2,14.6792
2020-07-27,11:41,Km 185,0.077,4.1,715.7,7.8,6.4,189.3,20.8,167.3,14.6792
2020-08-11,15:39,Km 185,0.133,4.5,714.1,7.66,5.9,183.1,16.3,147.1,14.6792
2020-08-12,15:50,Km 185,,4.1,699.6,7.75,6.9,185,16.1,144.1,14.6792
2020-08-19,14:12,Km 185,0.13,3.16,728,8.28,7.4,193,18.3,151.9,14.6792
2020-08-19,14:12,Km 185,0.13,3.16,728,8.28,7.6,190.2,18.2,146.3,14.6792
2020-08-31,11:11,Km 185,0.275,2.6,792.4,7.67,7.9,198,16.5,108.4,14.6792
2020-09-17,11:25,Km 185,0.117,0.9,814.2,7.64,6.6,233.6,20.8,177.3,14.6792
2020-10-28,11:59,Km 185,,-0.1,971,7.08,5,265.9,28.1,175.7,14.6792
2021-05-12,11:30,Km 185,,-0.1,204,,16.1,37.7,4.8,38.8,14.6792
2021-05-27,13:11,Km 185,0.367,0.3,388.3,8.25,8.4,96.9,8.9,76.6,14.6792
2021-06-07,15:05,Km 185,0.46,3.5,433.3,8.02,10.2,104.2,10.4,88.1,14.6792
2021-06-23,11:15,Km 185,0.494,3.3,483.9,8.13,9.6,121.4,11.8,101,14.6792
2021-07-09,13:55,Km 185,0.217,4.7,631,8.22,8.3,164.7012,17.1013,122.4823,14.6792
2021-07-23,,Km 185,0.119,NA,NA,,6.3,195.0483,20.2079,152.3436,14.6792
2021-07-23,12:16,Km 185,0.119,5.8,736,8.24,6.8,181.1745,20.4737,151.6903,14.6792
2021-07-31,10:55,Km 185,0.054,5.3,793,8.19,,215.4201,22.1447,166.2611,14.6792
2021-08-12,14:00,Km 185,0.499,3.3,625,8.13,7.9,168.0945,15.2122,126.626,14.6792
2021-08-26,13:00,Km 185,0.45,2.7,647,8.05,8.2,175.8477,15.2296,131.8747,14.6792
2021-09-09,12:10,Km 185,0.283,1.3,730,8.15,7.2,209.3352,17.9644,154.6546,14.6792
2021-09-21,13:44,Km 185,0.143,0.2,823,8.18,6.3,245.2248,21.7517,174.3371,14.6792
2021-11-04,13:15,Km 185,,-0.2,970,7.73,5.1,264.9,24.6,181.3,14.6792
2022-05-10,11:37,Km 185,0.00772,-0.2,280.7,,19.3,60.9,5.7,48.6,14.6792
2022-05-20,16:12,Km 185,1.2217,0,165.1,,15,27,3,27.4,14.6792
2022-06-04,11:50,Km 185,0.2985,1.4,359,,6.3,76.8,6.1,66,14.6792
2022-07-15,13:05,Km 185,0.148,3.7,638,8.22,7.2,157,13.4,123,14.6792
2022-08-26,14:10,Km 185,,3.1,735,8.2,7,197.8,15.2,136.7,14.6792
2022-09-02,12:45,Km 185,0.1403,2.5,759,8.28,6.9,211.3,17.2,152.5,14.6792
2022-09-06,12:55,Km 185,,2.9,677,8.13,9.3,185.6,14.3,128.3,14.6792
2022-09-09,13:05,Km 185,,2.5,755,8.2,6.8,216.6,16.6,150.6,14.6792
2022-09-17,15:10,Km 185,0.1707,1.5,792,8.28,6.8,226.5,17.9,157,14.6792
2019-04-29,16:40,Km 44,,-0.2,104.9,7.85,1.3,23.7432,4.3,14.6,5.5406
2019-06-01,11:10,Km 44,,2.7,51.5,7.54,,10.7655,2.2,8.1,5.5406
2019-06-13,10:15,Km 44,0.147,3.8,67.6,7.21,0.4,14.985,2.8,10.7,5.5406
2019-07-08,01:00,Km 44,,,,,0.5,20.8014,3.8,14.1,5.5406
2019-07-14,18:17,Km 44,0.0465,7.7,91.1,7.42,0.4,20.7459,3.9,14.4,5.5406
2019-08-03,16:40,Km 44,0.0193,8.5,91,7.09,1.2,20.2089,4.2,14.4,5.5406
2019-08-07,10:35,Km 44,0.0585,,,,0.6,21.7056,4,14.4,5.5406
2019-08-22,16:40,Km 44,0.03711,4.6,91.3,7.12,0.5,23.0658,4.1,14.6,5.5406
2019-09-27,12:20,Km 44,,0.6,92.1,7.22,0.9,22.7646,3.7,13.4,5.5406
2019-09-27,11:20,Km 44,,0.6,92.1,7.22,1.1,24.342,4.2,15,5.5406
2019-11-05,16:32,Km 44,,-0.1,126.9,7.69,0.9,23.3,4.7,15.3,5.5406
2020-05-29,10:20,Km 44,0.7012,2.5,53.6,6.74,1.1,8.4,2.2,8.4,5.5406
2020-06-18,10:00,Km 44,0.41256,,,,0.4,9.8,2.2,8.5,5.5406
2020-06-30,18:40,Km 44,0.253,4.9,72.6,6.41,1.5,15,3.2,11.8,5.5406
2020-07-03,14:50,Km 44,0.19563,5,76.6,6.57,2.1,15.6,3.3,12.2,5.5406
2020-07-16,,Km 44,0.1,,,,0.6,17.3,3.5,12.6,5.5406
2020-07-17,12:21,Km 44,0.0647,6.1,82.7,7.39,0.4,16.7,3.4,12.2,5.5406
2020-07-25,17:44,Km 44,0.08798,6.6,78,7.03,0.9,17,3.6,13.2,5.5406
2020-07-27,18:30,Km 44,0.15367,6.7,69.3,7.66,0.9,16.5,3.7,11.6,5.5406
2020-08-10,17:54,Km 44,0.09041,6.5,85.2,7.21,0.8,18.6,3.9,13.8,5.5406
2020-08-13,08:45,Km 44,0.09317,5.9,85.2,7.42,0.9,17.2,3.2,12.5,5.5406
2020-08-18,17:45,Km 44,0.06725,6.75,89,7.72,0.9,18.6,3.5,13.4,5.5406
2020-08-29,16:35,Km 44,0.10472,6.6,82.7,7.47,0.7,17,3.4,13.3,5.5406
2020-09-17,17:51,Km 44,0.038044,4.6,91.1,7.39,0.7,20.8,3.7,13.6,5.5406
2020-09-17,17:51,Km 44,0.038044,4.6,91.1,7.39,0.9,20.3,3.8,13.7,5.5406
2020-10-28,17:56,Km 44,0.351,0.2,100.2,7.67,0.7,22.6,4.4,15.2,5.5406
2021-03-31,17:04,Km 44,,-0.1,111.2,7.87,0.4,26.8,4.6,15.7,5.5406
2021-05-11,16:35,Km 44,0.143,-0.2,55.2,,3.4,9.1,2.5,13.1,5.5406
2021-05-28,08:48,Km 44,0.124,0.1,71.7,7.61,1,13.6,2.9,10.9,5.5406
2021-06-06,18:25,Km 44,0.4137,3.3,54.8,7.26,1,10.1,2.2,8.5,5.5406
2021-06-24,11:23,Km 44,0.21,5,61.5,7.73,0.5,13.9878,2.5061,9.4338,5.5406
2021-07-08,17:43,Km 44,0.083,6,82.6,7.96,0.5,20.3979,3.4853,12.6002,5.5406
2021-07-22,18:10,Km 44,,7.9,91.6,7.62,0.5,18.3318,3.6213,13.3429,5.5406
2021-07-24,16:08,Km 44,0.048,7.8,92.5,7.77,0.4,20.3589,3.7807,14.2175,5.5406
2021-08-01,11:05,Km 44,0.0475,7.4,92.9,7.62,0.4,19.8732,3.7831,13.9073,5.5406
2021-08-11,17:44,Km 44,0.16,6.8,71.8,7.51,0.5,15.1866,2.8593,10.8551,5.5406
2021-08-27,13:01,Km 44,0.233,5.3,73.9,7.38,0.7,15.4038,3.0235,11.4015,5.5406
2021-09-06,16:40,Km 44,0.26,5.6,69.9,7.4,0.5,15.2508,2.8757,10.7304,5.5406
2021-09-20,16:54,Km 44,0.097,3,91.5,7.61,0.4,20.3658,3.5114,13.7807,5.5406
2021-11-03,16:00,Km 44,0.023,-0.3,104,7.71,0.6,19.5,3.1,12.1,5.5406
2022-05-11,18:55,Km 44,0.001,-0.2,82.9,,5.9,23.8,2.9,10.6,5.5406
2022-05-21,19:55,Km 44,0.07057,-0.2,69.4,,7,10.6,2.3,8.9,5.5406
2022-05-31,19:40,Km 44,0.67589,0,40.3,,,4.4,1,4.8,5.5406
2022-06-07,19:25,Km 44,0.87,,,,1,3.6,1,5.4,5.5406
2022-06-07,19:15,Km 44,0.87,2.5,41.4,,1,3.7,1,5.5,5.5406
2022-06-26,16:55,Km 44,0.239001341,5.4,61,,0.6,7.9,1.8,7.9,5.5406
2022-08-19,16:15,Km 44,0.180181538,5.9,73.1,7.39,0.5,11.8,2.1,9.2,5.5406
2022-09-02,19:55,Km 44,0.141,5,85,7.47,0.5,15.3,1.8,5.9,5.5406
2022-09-06,20:00,Km 44,0.197593116,4.7,74.9,7.41,0.6,20.8,2.3,9.5,5.5406
2022-09-09,17:05,Km 44,0.197454275,4.8,79.3,7.55,0.6,14.9,2.3,10,5.5406
2022-09-21,10:55,Km 44,0.219,3.3,81.7,7.38,0.7,14.7,2.4,10.7,5.5406
2019-04-29,15:30,Km 71,,-0.1,1607,7.64,1.5,952.6332,139.5,179.5,16.4776
2019-05-29,22:00,Km 71,,4.8,640,7.49,21.4,323.4564,46.8,75.1,16.4776
2019-06-10,22:00,Km 71,,7,1031,7.76,3.5,575.4858,87,127.2,16.4776
2019-07-08,01:00,Km 71,,,,,0.7,756.7485,109.4,173.8,16.4776
2019-07-17,09:40,Km 71,0.1498,5.1,1270,8.15,0.8,716.7279,108.7,169.2,16.4776
2019-08-07,09:59,Km 71,0.1682,4.9,1796,,0.7,835.56,117.3,189.4,16.4776
2019-08-22,19:48,Km 71,,4.9,1365,8.05,0.7,862.8696,118.9,193.5,16.4776
2019-09-26,20:55,Km 71,,1.1,1324,7.9,2.5,804.2952,118.3,186.2,16.4776
2019-11-05,15:59,Km 71,,-0.2,2405,7.84,1.2,809.7,121,177.8,16.4776
2020-06-30,22:00,Km 71,0.633,4.1,920,7.44,14.2,466.6,68.6,110.5,16.4776
2020-07-03,22:02,Km 71,0.562,2.7,965,7.78,14,494.2,75.6,117.7,16.4776
2020-07-16,17:02,Km 71,0.287,8,1158,7.87,3.8,580.5,88.3,136,16.4776
2020-07-25,19:01,Km 71,0.432,6.5,125.3,7.61,1.2,590.6,88.1,140.4,16.4776
2020-07-27,16:55,Km 71,0.462,6.2,1073,7.86,1.2,612.1,90.5,144.9,16.4776
2020-08-10,19:25,Km 71,0.471,6.1,1100,7.68,0.8,591.1,90.4,136.7,16.4776
2020-08-12,20:16,Km 71,0.475,6,1141,7.33,1,588.5,87.6,133.3,16.4776
2020-08-18,19:15,Km 71,0.386,7.07,1171,8.17,0.8,644.2,97.3,147.4,16.4776
2020-08-29,18:30,Km 71,0.521,6.3,1140,7.49,1.2,596.7,89.3,136.6,16.4776
2020-09-17,16:48,Km 71,0.333,4.7,1209,7.64,0.9,664.3,101.6,150.8,16.4776
2020-10-28,17:02,Km 71,,-0.2,1222.6,7.34,2.7,782.5,117.8,158.1,16.4776
2021-03-31,13:29,Km 71,,-0.2,1717,,0.8,1123,150.3,197.7,16.4776
2021-05-11,19:45,Km 71,0.334,-0.2,565,,7.2,263.5,40,46.1,16.4776
2021-05-28,10:35,Km 71,0.178,NA,NA,,2.2,401,60.2,73.6,16.4776
2021-05-28,10:35,Km 71,0.178,0.2,771,7.98,2.3,392.9,55.4,67.3,16.4776
2021-06-06,20:55,Km 71,0.874,4.1,476.1,7.62,1.7,227.8,32.9,51.2,16.4776
2021-06-24,09:30,Km 71,0.332,4.4,892,8.08,0.6,526.0014,65.9092,105.3031,16.4776
2021-07-08,20:40,Km 71,0.366,5,1054,8.08,0.7,606.6891,80.0955,126.4507,16.4776
2021-07-22,20:40,Km 71,0.195,8.4,1218,8.12,0.6,653.5191,94.0696,148.7462,16.4776
2021-07-30,20:45,Km 71,0.196,7.8,1269,8.03,,682.0542,100.1581,151.2723,16.4776
2021-08-11,21:32,Km 71,0.481,5.5,1125,7.98,0.7,636.8169,88.524,143.1717,16.4776
2021-08-13,08:48,Km 71,0.588,2.8,1025,7.96,1.2,590.5275,83.6138,136.3521,16.4776
2021-08-25,20:40,Km 71,0.38,5.3,1149,8.01,0.7,589.6527,87.8227,138.3173,16.4776
2021-09-06,21:14,Km 71,0.397,4.3,1165,8.03,0.9,622.7082,92.4664,145.0021,16.4776
2021-09-21,10:29,Km 71,0.214,0.1,1284,8.02,0.6,703.206,104.4469,157.9842,16.4776
2021-11-04,18:31,Km 71,,-0.2,1321,7.93,0.4,752.1,117.1,157.2,16.4776
2022-05-11,16:30,Km 71,0.02644,-0.1,1316,,4.2,616.5,96.9,123.3,16.4776
2022-05-20,20:55,Km 71,0.0874,-0.2,591,,11.5,261.1,42.3,53.3,16.4776
2022-05-21,17:30,Km 71,0.12,-0.2,557,,10.4,251.6,36.8,47,16.4776
2022-05-31,18:40,Km 71,1.2234,1.9,292.9,,4.4,112.8,18.6,24.8,16.4776
2022-06-02,14:30,Km 71,1.0632,3.5,353.1,,3.1,143.5,22.3,31,16.4776
2022-07-18,13:10,Km 71,0.5377,4.7,990,8.07,1,472.1,67.1,105.5,16.4776
2022-08-19,14:35,Km 71,1.1752,5.3,964,7.91,1,475.7,64.1,117.9,16.4776
2022-09-02,18:00,Km 71,0.3775,4.6,1173,8.13,0.7,580.8,83,131.6,16.4776
2022-09-06,18:15,Km 71,0.8811,4.3,1057,7.96,0.8,548.6,73.9,125,16.4776
2022-09-09,10:00,Km 71,,3,1073,7.99,0.7,539.6,79.3,123.5,16.4776
2022-09-17,10:30,Km 71,,1.7,1145,8.07,0.8,563,87.2,128.3,16.4776
2022-09-21,13:00,Km 71,0.4744,2.3,1150,8.03,0.7,578.6,89.1,128.9,16.4776
2018-08-30,14:30,Km 99,,2.7,216,7.95,8,93.4008,8.3713,52.1526,10.9694
2019-04-27,14:30,Km 99,,,,,17.8,1.4715,0.1,2,10.9694
2019-05-30,08:40,Km 99,0.3027,1.3,62.8,7.51,14.3,10.9599,1.9,11.7,10.9694
2019-05-31,16:05,Km 99,0.1546,4.3,80.5,7.36,12.6,16.3341,2.5,15.2,10.9694
2019-06-11,,Km 99,0.022,,,,6.2,55.5666,6.5,41.9,10.9694
2019-06-12,19:15,Km 99,0.029455,8.2,224.3,7.38,8,54.2688,6.6,41.2,10.9694
2019-07-08,,Km 99,0.031,,,,4.8,72.9192,9.6,63.6,10.9694
2019-07-15,10:42,Km 99,0.0134,6.6,299.6,7.64,5.6,70.9128,8.9,58.8,10.9694
2019-07-17,11:47,Km 99,0.0141,7,293.7,7.61,8,73.2723,8.9,54.7,10.9694
2019-08-04,10:30,Km 99,0.021365,7,280.9,7.66,7.7,72.8124,8.2,54.6,10.9694
2019-08-04,10:30,Km 99,0.021365,7,280.9,7.66,8,75.186,8.5,56.4,10.9694
2019-08-06,13:17,Km 99,0.0149,7.7,304.3,8.09,6.6,83.9787,8.5,58.5,10.9694
2019-08-23,11:50,Km 99,0.0307,2.8,262.1,,8.5,70.6989,8,52.6,10.9694
2019-09-26,19:18,Km 99,0.0264875,0.7,256.8,7.41,11,65.6052,7.8,53.2,10.9694
2019-11-05,15:10,Km 99,,-0.1,557,7.52,5.6,73.6,8.9,61.6,10.9694
2020-05-28,18:20,Km 99,1.752,0,29.5,6.3,8.3,2.7,0.9,5.8,10.9694
2020-06-17,15:00,Km 99,1.5,,,,13.8,15.1,2.5,14.1,10.9694
2020-07-01,11:38,Km 99,0.9329,2.5,83.2,7.15,16.2,17.7,2.8,15.7,10.9694
2020-07-03,12:40,Km 99,0.2954,3.5,153.2,7.27,10,40.5,5.1,27.5,10.9694
2020-07-16,15:15,Km 99,0.044,6.9,267,7.34,4.8,72.6,7.8,46.1,10.9694
2020-07-16,15:15,Km 99,0.044,,,,4.8,74.1,8.1,48,10.9694
2020-07-26,10:48,Km 99,0.05,4.8,260.4,7.31,3.5,78.1,8.8,50.6,10.9694
2020-07-27,15:25,Km 99,0.060218058,7,262.2,7.6,3.7,79,8.8,52,10.9694
2020-08-11,11:30,Km 99,0.121,5,227.2,7.32,6.8,53.6,6.2,38,10.9694
2020-08-12,18:09,Km 99,0.137432455,5.7,221.5,7.3,8.8,54,6.4,39,10.9694
2020-08-19,10:35,Km 99,0.09,3.74,250,7.8,6.6,63,7.5,43.4,10.9694
2020-08-30,10:00,Km 99,0.123,3.2,239.8,7.56,8.4,60.2,7.5,42.6,10.9694
2020-09-17,15:33,Km 99,0.062,3.3,271.5,7.39,6.8,74.4,8.5,48.8,10.9694
2020-10-28,15:35,Km 99,,-0.1,378.6,7.4,5.8,117.4,11.4,70.2,10.9694
2021-05-12,15:44,Km 99,0.2,-0.1,103.6,,18.4,39.2,3.2,12.7,10.9694
2021-05-27,18:38,Km 99,0.229,-0.2,53.7,7.22,11.5,13.2,1.7,8.7,10.9694
2021-06-07,20:38,Km 99,0.367,4.4,70.3,7.21,7.9,16.2,2.2,12.7,10.9694
2021-06-23,16:13,Km 99,0.232,7.7,139.5,7.48,9.9,40.9,4.2,22.3,10.9694
2021-07-09,18:00,Km 99,0.034,7.1,311.3,7.6,2.5,114.4926,9.8478,52.1252,10.9694
2021-07-23,17:10,Km 99,0.030029824,9.5,377.5,7.56,3.1,130.4052,10.7284,62.9247,10.9694
2021-07-30,17:13,Km 99,0.004,7.1,392.4,7.46,,132.7668,11.5348,69.7145,10.9694
2021-08-12,18:11,Km 99,0.072,5.7,264,7.58,6.4,78.5382,8.8964,43.3486,10.9694
2021-08-27,09:02,Km 99,0.086,3,250.2,7.59,6.7,71.9166,8.0675,44.7725,10.9694
2021-09-09,17:14,Km 99,0.043,4.6,303.7,7.72,4.9,78.1212,8.885,49.155,10.9694
2021-09-21,17:45,Km 99,0.021,0.4,341.2,7.75,4.3,108.5214,10.543,59.7976,10.9694
2021-11-04,16:36,Km 99,,-0.2,408.4,7.82,4.1,110,10.5,66.9,10.9694
2022-05-24,17:45,Km 99,0.015,-0.1,132.6,,24.5,48.5,3.9,11.7,10.9694
2022-05-31,17:15,Km 99,1.5969,0,30.1,,17.7,0.6,0.4,3.8,10.9694
2022-06-04,16:50,Km 99,1.0849,1.6,34.3,,,3.9,0.4,4.8,10.9694
2022-06-20,16:45,Km 99,0.6042,5.5,81.3,,10.1,13,1.7,12.4,10.9694
2022-06-20,16:35,Km 99,0.6042,,,,10.1,13.1,1.7,12.5,10.9694
2022-07-18,16:55,Km 99,0.4481,4.1,135.4,7.54,17.3,27.7,3.1,19.8,10.9694
2022-09-02,16:45,Km 99,0.0564,5.1,274.5,7.74,6.4,74.9,7.3,40.3,10.9694
2022-09-06,15:25,Km 99,0.165542369,3.7,196.4,7.48,12.8,51.4,5.2,30,10.9694
2022-09-09,15:50,Km 99,0.072657035,4.8,248.4,7.63,7.4,65.2,6.5,37.5,10.9694
2022-09-21,15:45,Km 99,0.1098,,,,7.7,69.4,6.7,36.4,10.9694
2022-09-21,15:45,Km 99,0.1098,2.2,252.8,7.62,8.2,74.5,7.4,38.3,10.9694
2017-04-27,11:45,WC_HWY,,0.99,194,8.07,,,,,169.392726
2017-05-05,14:00,WC_HWY,,2.25,196,8.11,,,,,169.392726
2017-05-12,16:00,WC_HWY,,3.93,157,7.99,,,,,169.392726
2017-05-23,12:00,WC_HWY,,3.29,134,7.94,,,,,169.392726
2017-05-29,10:15,WC_HWY,,5.58,170,8.18,,,,,169.392726
2017-06-09,14:00,WC_HWY,,9.96,145,8.11,,,,,169.392726
2017-06-29,16:34,WC_HWY,0.8877,9.92,338,7.98,,,,,169.392726
2017-07-13,15:45,WC_HWY,1.958,11.25,165,8.09,,,,,169.392726
2017-07-27,16:35,WC_HWY,1.4851,10.96,169,8.01,,,,,169.392726
2017-08-11,11:18,WC_HWY,,10.63,184,8.18,,,,,169.392726
2017-08-18,16:41,WC_HWY,0.9649,9.28,181,8.01,,,,,169.392726
2017-08-18,16:41,WC_HWY,0.9649,9.28,181,,,,,,169.392726
2017-08-25,15:34,WC_HWY,1.1534,9.15,171,,,,,,169.392726
2017-10-25,15:38,WC_HWY,0.496,,,,1.9,25.5,9.3,38.7,169.392726
2017-11-02,16:01,WC_HWY,0.411,,,,1.8,26.1,9.5,38.7,169.392726
2017-11-17,15:15,WC_HWY,0.473,-0.1,213.5,8.08,1.6,27.6,9.8,40.4,169.392726
2017-11-29,15:14,WC_HWY,0.524,,,,1.6,25.8,9.4,38.4,169.392726
2017-11-29,15:14,WC_HWY,0.524,-0.1,208.9,7.91,1.7,25.5,9.3,37.8,169.392726
2017-12-14,13:25,WC_HWY,0.528,-0.19,197,7.07,1.7,25.8,9.4,38.3,169.392726
2018-01-04,15:56,WC_HWY,0.352,-0.1,216.3,7.88,1.9,29.7,10.4,42.1,169.392726
2018-01-18,15:30,WC_HWY,0.448,0,220.9,6.68,1.6,28.8,10.3,46.6,169.392726
2018-01-31,16:00,WC_HWY,0.336,-0.1,226.2,6.55,1.6,30,10.5,43.2,169.392726
2018-02-16,15:08,WC_HWY,,-0.1,217.5,7.61,1.4,27.9,10.4,42.9,169.392726
2018-02-27,15:05,WC_HWY,,-0.1,214.1,7.89,1.3,29.7,10.4,42.8,169.392726
2018-03-16,10:53,WC_HWY,,0.2,211.3,7.71,1.2,30,10.4,42.6,169.392726
2018-04-12,14:46,WC_HWY,,0.3,222.3,7.75,1.3,36.3,10.8,43.9,169.392726
2018-05-02,11:18,WC_HWY,,0.8,214.7,7.88,2.9,28.5,10,39.7,169.392726
2018-05-10,11:35,WC_HWY,1.856699775,2.3,123.4,7.57,12.5,13.5,5.9,23.9,169.392726
2018-05-14,15:31,WC_HWY,1.903758807,4.3,113.4,7.61,9.9,11.4,5.3,21.7,169.392726
2018-05-16,11:15,WC_HWY,1.240398252,2,113.5,7.64,7.5,13.5,5.9,24.1,169.392726
2018-05-17,15:00,WC_HWY,1.286432336,5.7,126.7,7.54,6.7,12.9,5.7,23.4,169.392726
2018-06-11,14:20,WC_HWY,2.024840858,4.9,130.5,7.54,7.8,13.8,6,25.2,169.392726
2018-06-28,16:34,WC_HWY,1.219047068,10.6,167.7,7.87,2.9,18.9,7.7,32.8,169.392726
2018-07-05,17:24,WC_HWY,1.025743193,12.7,152.9,7.69,2.6,19.5,7.9,34.1,169.392726
2018-07-13,15:01,WC_HWY,0.915440122,10.4,143.4,7.74,2.4,19.8,8,33.6,169.392726
2018-07-24,15:46,WC_HWY,0.768774167,12.8,,7.83,2.4,20.4,8.3,35,169.392726
2018-07-24,15:46,WC_HWY,0.768774167,12.8,,7.83,2.7,20.7,8.4,35,169.392726
2018-08-07,16:27,WC_HWY,0.700807314,10.2,,7.38,2.1,21,8.7,36.2,169.392726
2018-08-22,15:30,WC_HWY,0.650739605,9.8,215.3,7.85,2.2,21.3,8.7,35.6,169.392726
2018-09-05,14:33,WC_HWY,0.661076135,7.6,184.1,7.66,2.3,21.9,8.8,35.5,169.392726
2018-09-13,14:55,WC_HWY,0.788132896,7.1,154.8,7.78,3,21,8.4,34,169.392726
2018-09-20,,WC_HWY,0.675724123,,,,2.1,22.2,8.7,35.3,169.392726
2018-10-05,14:40,WC_HWY,0.6069,2.3,187.6,8.1,1.8,22.8,8.7,34.6,169.392726
2018-10-26,14:20,WC_HWY,0.6418,0.4,184.5,7.94,1.9,24.3,9,35.6,169.392726
2018-11-09,15:21,WC_HWY,,0,219.7,8.25,2.1,32.4,9.9,39.5,169.392726
2018-11-20,15:22,WC_HWY,,0.1,189.7,8.29,2,24.9,9.3,37.6,169.392726
2018-12-05,16:40,WC_HWY,0.419,0,209.7,8.4,,,,,169.392726
2018-12-20,,WC_HWY,,,,,2,28.5,10.1,39.2,169.392726
2019-01-02,,WC_HWY,,,,,1.6,27.6,9.8,39.9,169.392726
2019-01-17,15:05,WC_HWY,,,,,2,28.8,10,40.6,169.392726
2019-01-31,14:45,WC_HWY,,,,,1.8,28.8,10,39.6,169.392726
2019-02-21,15:25,WC_HWY,,-0.1,224.4,7.74,1.4,29.7,10.2,41.6,169.392726
2019-03-05,16:04,WC_HWY,0.2135,-0.2,223.4,8.01,1.7,20.7,8.9,36.7,169.392726
2019-03-22,16:20,WC_HWY,,,,,1.7,20.7,8.7,34.9,169.392726
2019-03-28,11:00,WC_HWY,,-0.1,228.2,7.82,1.7,21.9,9.8,38.6,169.392726
2019-04-01,14:36,WC_HWY,,NA,NA,,1.7,20.4,9.5,37.9,169.392726
2019-04-01,14:36,WC_HWY,,0,221.1,8.38,1.8,21.9,9.5,37.9,169.392726
2019-04-09,16:18,WC_HWY,,0.4,217,8.12,3.1,20.1,9.3,37.3,169.392726
2019-04-13,17:11,WC_HWY,,0.1,215.6,7.91,2,20.7,9.3,37.4,169.392726
2019-04-18,11:33,WC_HWY,,0.6,215.3,8.02,2.1,19.2,9.3,37.6,169.392726
2019-04-24,15:30,WC_HWY,0.391841294,,,,1.8,21,9.6,38.3,169.392726
2019-04-30,,WC_HWY,0.380174546,,,,2,19.2,9,36,169.392726
2019-05-08,14:45,WC_HWY,0.710242032,4.6,151.1,7.33,18.9,11.4,6.9,26.5,169.392726
2019-05-10,15:00,WC_HWY,1.120993433,3.2,123.5,6.9,11.6,9,5.4,21.5,169.392726
2019-05-22,14:50,WC_HWY,1.028314536,7.5,143.5,,5,11.4,6.1,25.1,169.392726
2019-05-27,01:00,WC_HWY,0.773303403,,,,3.6,12.9,6.8,28.5,169.392726
2019-07-02,14:57,WC_HWY,1.248964181,13.06,178,8.36,4.3,13.8,7.5,31.3,169.392726
2019-07-19,,WC_HWY,0.804490976,,,,2.8,14.1,7.4,31.2,169.392726
2019-07-19,16:35,WC_HWY,0.804490976,13.2,187.1,7.75,2.9,14.1,8.1,33.7,169.392726
2019-07-24,,WC_HWY,,,,,4,14.4,7.8,32.1,169.392726
2019-07-30,14:02,WC_HWY,1.289165885,11,138.4,8.36,3.2,14.7,7.7,32.3,169.392726
2019-09-05,13:10,WC_HWY,1.036339752,7.1,186.1,7.63,2.4,15.9,8.4,32.7,169.392726
2019-10-03,14:12,WC_HWY,0.810076301,-0.1,219.3,7.62,2.7,16.5,8.1,33,169.392726
2019-10-25,14:12,WC_HWY,0.691366812,-0.1,219.3,7.62,2.1,15.1,6.3,11.1,169.392726
2019-11-21,15:50,WC_HWY,0.52525869,-0.1,205.6,7.51,2.2,15.4,7.5,15.4,169.392726
2019-12-17,14:56,WC_HWY,0.392461682,-0.1,217.2,7.65,2.2,18,8.3,33.6,169.392726
2020-01-08,,WC_HWY,,,,,2.4,6.6,3.1,18.7,169.392726
2020-01-27,16:30,WC_HWY,0.265601896,-0.1,231.5,7.42,2.3,13.4,2.8,10.8,169.392726
2020-02-12,12:00,WC_HWY,0.260740401,-0.1,222.2,7.4,1.6,19.3,8.7,34.5,169.392726
2020-03-17,13:32,WC_HWY,0.251522538,0,229.6,7.85,1.5,19.5,8.9,36.2,169.392726
2020-04-09,12:30,WC_HWY,,3.1,114.7,7.24,1.3,19.3,8.6,34.4,169.392726
2020-04-21,,WC_HWY,,6.5,150.6,7.42,5.3,16.4,7.4,29.8,169.392726
2020-05-01,,WC_HWY,0.804102422,,,,7.4,14.1,7,28.3,169.392726
2020-05-12,,WC_HWY,1.750468059,7.6,139,7.95,12.3,8,4.7,18.9,169.392726
2020-05-22,15:30,WC_HWY,1.572740649,6.5,150.6,7.42,4.1,10.8,5.9,24.5,169.392726
2020-06-03,,WC_HWY,2.300089344,,,,7.8,13.5,6.9,29.6,169.392726
2020-06-25,14:00,WC_HWY,2.374173163,7.6,139,7.95,3.1,12.8,6.4,27,169.392726
2020-07-07,15:50,WC_HWY,2.15983987,9.9,147.7,7.59,3.3,11.4,5.8,24.1,169.392726
2020-07-19,15:08,WC_HWY,2.074465557,,,,3,13.2,6.3,26.9,169.392726
2020-07-23,18:05,WC_HWY,3.807843692,10.4,139.3,7.26,4.8,10.4,5.2,21.5,169.392726
2020-08-03,18:57,WC_HWY,2.068919069,11.2,161.6,7.71,3,11.7,5.7,24.6,169.392726
2020-08-03,18:57,WC_HWY,2.068919069,11.2,161.6,7.71,3.3,11.2,5.7,24.4,169.392726
2020-08-14,15:04,WC_HWY,1.861587069,8.4,169.3,7.36,2.9,13.1,6.1,26.1,169.392726
2020-08-21,14:30,WC_HWY,1.656252228,9.7,166.4,7.42,2.9,13.8,6.4,26.7,169.392726
2020-08-27,15:20,WC_HWY,1.775071666,7.6,166.7,7.16,2.8,13.6,6.4,26.9,169.392726
2020-09-03,16:25,WC_HWY,1.97289245,7.9,169.2,7.34,3,14.9,6.3,26.2,169.392726
2020-11-17,14:58,WC_HWY,,-0.1,206.9,6.93,2.6,18,8.1,32.8,169.392726
2020-12-22,14:40,WC_HWY,,-0.1,213.9,6.9,1.9,20,8.1,33.4,169.392726
2021-01-14,15:20,WC_HWY,,-0.1,217.8,7.42,1.4,18.6,8,32.2,169.392726
2021-02-16,15:47,WC_HWY,,-0.1,226.7,7.86,1.9,19.5,8.6,34.5,169.392726
2021-03-17,14:23,WC_HWY,,-0.1,234.5,,1.6,20.8,8.5,34.2,169.392726
2021-04-13,15:22,WC_HWY,,-0.1,226.1,,1.3,18.8,8.7,35.3,169.392726
2021-05-19,,WC_HWY,1.883841605,,,,8.1,7.2,4.3,19.2,169.392726
2021-05-19,15:15,WC_HWY,1.883841605,4.5,134.5,,8.8,7.5,4.2,18.6,169.392726
2021-06-01,12:09,WC_HWY,3.539040372,3.8,109.2,,6.3,5.9,3.3,15.1,169.392726
2021-06-11,14:38,WC_HWY,4.067239536,7.7,155.8,8.02,3.6,9.9,4.6,22.1,169.392726
2021-06-25,20:27,WC_HWY,3.833520309,,,,3.1,10.3,4.5,21.9,169.392726
2021-06-29,18:01,WC_HWY,3.151254165,14.5,153.4,8.07,3.1,11.3,4.4,22.5,169.392726
2021-07-15,15:57,WC_HWY,1.979595235,9.9,168,8.12,2.7,12.4,5.3,24.5,169.392726
2021-08-09,11:51,WC_HWY,1.704471012,9.2,178.1,7.99,2.5,13.9,6,26.4,169.392726
2021-09-15,19:21,WC_HWY,1.510671225,6,182.7,8.09,2.6,14.8,6.2,27,169.392726
2021-09-29,15:23,WC_HWY,1.391099291,2.3,187.7,7.63,2.5,14.3,5.1,24.9,169.392726
2021-10-14,16:16,WC_HWY,1.113129491,1.7,193.9,7.93,2.5,15.1,5.4,26.1,169.392726
2021-11-09,14:16,WC_HWY,,-0.2,238.8,8.13,2.7,21.1,7.1,32.5,169.392726
2021-11-26,,WC_HWY,,,,,1.9,18.5,6.3,29.2,169.392726
2021-12-20,14:38,WC_HWY,,-0.2,222.5,8.06,1.6,18,6.2,29.4,169.392726
2022-01-14,15:07,WC_HWY,,-0.2,223.2,8.03,1.6,17.7,6.6,30.4,169.392726
2022-02-23,15:03,WC_HWY,,-0.2,228.1,,1.8,17.7,6.7,31.4,169.392726
2022-03-17,11:11,WC_HWY,,-0.1,233.4,8.07,2.4,19,6.6,30.5,169.392726
2022-05-20,12:42,WC_HWY,,2.42,202,7.7,6.1,,,,169.392726
2022-06-03,13:05,WC_HWY,5.722480935,4.72,105,7.28,7.4,4.9,1.8,11,169.392726
2022-06-06,17:00,WC_HWY,9.50085395,,,,6.4,5.5,1.6,10.7,169.392726
2022-06-09,16:30,WC_HWY,10.55879259,6.411,104.1,7.73,5.2,7.6,2.1,12.4,169.392726
2022-06-15,15:10,WC_HWY,9.294105553,,,,4.2,9.8,3.6,19.7,169.392726
2022-06-17,15:15,WC_HWY,7.738060045,,,,4,9.5,3,17.3,169.392726
2022-06-20,17:20,WC_HWY,6.223091833,,,,3.6,10.3,3.5,19.5,169.392726
2022-06-23,12:40,WC_HWY,6.114266689,,,,3.7,9.3,3.2,18,169.392726
2022-07-01,11:45,WC_HWY,5.315697708,,,,3.7,10.5,3.5,19.5,169.392726
2022-07-04,18:27,WC_HWY,5.038444156,14.8,144,8.02,3.8,10.2,4.4,20.8,169.392726
2022-07-06,16:00,WC_HWY,4.653111693,,,,3.5,10.8,3.7,20.3,169.392726
2022-07-08,17:50,WC_HWY,3.981279301,,,,3.5,10.6,3.8,20.4,169.392726
2022-07-15,13:00,WC_HWY,4.644260363,,,,4.2,14.8,4.4,18.7,169.392726
2022-07-20,16:00,WC_HWY,2.988258493,,,,3.1,11.7,3.8,20.4,169.392726
2022-07-26,16:30,WC_HWY,2.622751467,,,,3.2,12.1,4.3,22.3,169.392726
2022-08-03,11:20,WC_HWY,2.167107706,9.7,173.3,7.98,3.1,14,5.1,24.2,169.392726
2022-08-08,17:55,WC_HWY,2.137990947,,,,2.7,13.1,4.7,23.8,169.392726
2022-08-08,17:55,WC_HWY,2.137990947,,,,2.9,12.8,4.7,23.9,169.392726
2022-08-15,17:00,WC_HWY,1.889195223,,,,2.9,13.3,4.7,23.7,169.392726
2022-08-24,15:57,WC_HWY,1.531631252,11.29,186,,2.6,13.4,4.9,25,169.392726
2022-08-24,16:05,WC_HWY,1.531631252,11.29,186,,2.7,14,4.8,24,169.392726
2022-08-31,13:15,WC_HWY,1.387694088,6.81,184,7.78,2.6,15,5,25.2,169.392726
2022-09-15,14:05,WC_HWY,1.217929713,6.5,192.2,7.98,2.6,15.1,6.5,27.5,169.392726
